RegionCode,RegionName,IsCountry,2-alpha code,Currency Unit,Region,Income Group,WB-2 code,TIAMReg,Top25,IEAReg,TiamBPReg,Tiam2022,TIAMafr,TIAMcsa,TIAModa,ActiveReg,Globium,GDP20,Pop20,GDP50,Pop50,GDP99,Pop99
CHN,China,Yes,CN,Chinese yuan,East Asia & Pacific,Upper middle income,CN,CHI,Y,CHINA,China,China,China,China,China,China,EAS,20548.481,1371.171,68441.845,1224.524,60660.498,643.987
IND,India,Yes,IN,Indian rupee,South Asia,Lower middle income,IN,IND,Y,INDIA,India,India,India,India,India,India,SAS,6913.935,1361.281,36896.745,1550.397,87096.476,1138.436
USA,United States,Yes,US,U.S. dollar,North America,High income: OECD,US,USA,Y,USA,USA,USA,USA,NorthAm,NorthAm,USA,NAM,17156.082,336.722,31007.587,411.058,51096.512,466.507
IDN,Indonesia,Yes,ID,Indonesian rupiah,East Asia & Pacific,Lower middle income,ID,ODA,Y,INDONESIA,AsiaEm,Indonesia,AsiaEm,Asia,Indonesia,AsiaEm,SEA,1752.642,259.299,9086.702,271.071,18550.508,183.659
BRA,Brazil,Yes,BR,Brazilian real,Latin America & Caribbean,Upper middle income,BR,CSA,Y,BRAZIL,Brazil,Brazil,Brazil,Brazil,Brazil,Brazil,SAM,2796.631,208.26,7214.073,214.893,11736.066,141.412
RUS,Russia,Yes,RU,Russian ruble,Europe & Central Asia,High income: nonOECD,RU,FSU,Y,RUSSIA,Russia,Russia,Russia,Russia,Russia,Russia,REF,2942.177,141.243,6607.07,130.788,7805.936,92.534
JPN,Japan,Yes,JP,Japanese yen,East Asia & Pacific,High income: OECD,JP,JPN,Y,JAPAN,AsiaDev,Japan,AsiaDev,Asia,AsiaDev,AsiaDev,EAS,4351.946,125.483,6436.957,113.714,8410.109,76.936
DZA,Algeria,Yes,DZ,Algerian dinar,Middle East & North Africa,Upper middle income,DZ,AFR,N,ALGERIA,Africa,AfricaNorth,AfricaN,Africa,Africa,Africa,MAF,376.244,39.953,1006.329,45.548,2337.104,34.557
MEX,Mexico,Yes,MX,Mexican peso,Latin America & Caribbean,Upper middle income,MX,MEX,Y,MEXICO,Mexico,Mexico,Mexico,NorthAm,NorthAm,Mexico,NAM,1946.473,124.23,4993.562,133.522,9631.717,99.745
DEU,Germany,Yes,DE,Euro,Europe & Central Asia,High income: OECD,DE,WEU,Y,GERMANY,EU,EU28,EU,Europe,Europe,EU,EUR,3195.69,82.377,4775.802,82.255,7167.723,67.405
GBR,United Kingdom,Yes,GB,Pound sterling,Europe & Central Asia,High income: OECD,GB,WEU,Y,UK,EurDev,EurDev,EurDev,Europe,Europe,EurDev,EUR,2484.097,66.424,4682.301,78.339,9159.142,84.705
FRA,France,Yes,FR,Euro,Europe & Central Asia,High income: OECD,FR,WEU,Y,FRANCE,EU,EU28,EU,Europe,Europe,EU,EUR,2242.855,69.233,4215.719,81.374,8257.434,85.411
KOR,South Korea,Yes,KR,Korean won,East Asia & Pacific,High income: OECD,KR,SKO,N,KOREA,AsiaDev,AsiaDev,AsiaDev,Asia,AsiaDev,AsiaDev,EAS,1932.057,49.59,3695.944,48.351,4289.067,31.937
TUR,Turkey,Yes,TR,New Turkish lira,Europe & Central Asia,Upper middle income,TR,MEA,Y,TURKEY,EurEm,EurEm,EurEm,Europe,Europe,EurEm,EUR,1400.126,79.81,3558.193,87.35,5639.578,65.655
AGO,Angola,Yes,AO,Angolan kwanza,Sub-Saharan Africa,Upper middle income,AO,AFR,N,ANGOLA,Africa,AfricaSouth,AfricaS,Africa,Africa,Africa,SSA,171.984,24.583,464.994,38.247,2687.836,41.536
PAK,Pakistan,Yes,PK,Pakistani rupee,South Asia,Lower middle income,PK,ODA,Y,PAKISTAN,AsiaEm,AsiaEm,AsiaEm,Asia,Pakistan,AsiaEm,SAS,593.459,202.269,3134.429,252.222,12060.265,216.638
ITA,Italy,Yes,IT,Euro,Europe & Central Asia,High income: OECD,IT,WEU,N,ITALY,EU,EU28,EU,Europe,Europe,EU,EUR,1800.863,62.006,2925.123,63.516,4843.568,50.828
THA,Thailand,Yes,TH,Thai baht,East Asia & Pacific,Upper middle income,TH,ODA,Y,THAILAND,AsiaEm,AsiaEm,AsiaEm,Asia,Thailand,AsiaEm,SEA,834.959,72.337,2899.332,70.212,4416.403,42.741
CAN,Canada,Yes,CA,Canadian dollar,North America,High income: OECD,CA,CAN,N,CANADA,Canada,Canada,Canada,NorthAm,NorthAm,Canada,NAM,1537.669,37.898,2679.576,48.969,5318.188,54.469
BGD,Bangladesh,Yes,BD,Bangladeshi taka,South Asia,Lower middle income,BD,ODA,Y,BANGLADESH,AsiaEm,AsiaEm,AsiaEm,Asia,Bangladesh,AsiaEm,SAS,422.378,163.543,2636.728,177.675,7746.924,124.672
AUS,Australia,Yes,AU,Australian dollar,East Asia & Pacific,High income: OECD,AU,AUS,N,AUSTRALI,Australia,Australia,Australia,Australia,Australia,Australia,OCE,1114.003,26.044,2444.276,36.592,4898.409,41.441
IRN,Iran,Yes,IR,Iranian rial,Middle East & North Africa,Upper middle income,IR,MEA,Y,IRAN,MidEast,MidEast,MidEast,MidEast,MidEast,MidEast,MAF,974.08,81.35,2352.015,87.554,3922.766,57.292
PHL,Philippines,Yes,PH,Philippine peso,East Asia & Pacific,Lower middle income,PH,ODA,Y,PHILIPPINE,AsiaEm,AsiaEm,AsiaEm,Asia,Philippines,AsiaEm,SEA,521.994,107.699,2340.077,132.728,7535.023,115.697
ESP,Spain,Yes,ES,Euro,Europe & Central Asia,High income: OECD,ES,WEU,N,SPAIN,EU,EU28,EU,Europe,Europe,EU,EUR,1396.963,48.942,2237.528,54.31,4072.947,46.931
SAU,Saudi Arabia,Yes,SA,Saudi Arabian riyal,Middle East & North Africa,High income: nonOECD,SA,MEA,N,SAUDIARABI,MidEast,SaudiArabia,MidEast,MidEast,MidEast,MidEast,MAF,892.067,34.274,2233.451,49.823,3793.669,46.472
ARG,Argentina,Yes,AR,Argentine peso,Latin America & Caribbean,High income: nonOECD,AR,CSA,N,ARGENTINA,CSA,Argentina,CSA,Argentina,CSA,CSA,SAM,861.408,43.044,2112.17,45.173,3156.007,33.709
VNM,Vietnam,Yes,VN,Vietnamese dong,East Asia & Pacific,Lower middle income,VN,ODA,Y,VIETNAM,AsiaEm,AsiaEm,AsiaEm,Asia,Vietnam,AsiaEm,SEA,470.241,95.483,2091.506,98.224,4094.539,61.35
BEN,Benin,Yes,BJ,West African CFA franc,Sub-Saharan Africa,Low income,BJ,AFR,N,BENIN,Africa,AfricaWest,AfricaW,Africa,Africa,Africa,SSA,19.378,11.251,168.465,17.185,1297.974,18.376
MYS,Malaysia,Yes,MY,Malaysian ringgit,East Asia & Pacific,Upper middle income,MY,ODA,N,MALAYSIA,AsiaEm,AsiaEm,AsiaEm,Asia,Malaysia,AsiaEm,SEA,595.358,32.547,1853.727,39.823,3443.994,34.169
COL,Colombia,Yes,CO,Colombian peso,Latin America & Caribbean,Upper middle income,CO,CSA,N,COLOMBIA,CSA,LatAm,CSA,Colombia,CSA,CSA,NAM,599.464,51.481,1813.793,58.09,3805.96,44.903
POL,Poland,Yes,PL,Polish zloty,Europe & Central Asia,High income: OECD,PL,EEU,N,POLAND,EU,EU28,EU,Europe,Europe,EU,EUR,904.195,38.546,1626.932,36.496,2186.424,27.703
TWN,Taiwan,Yes,TW,NULL,NULL,NULL,NULL,ODA,N,TAIPEI,AsiaDev,AsiaDev,AsiaDev,Asia,Taiwan,AsiaDev,SEA,1073.988,23.544,1593.012,20.517,1482.39,12.692
BWA,Botswana,Yes,BW,Botswana pula,Sub-Saharan Africa,Upper middle income,BW,AFR,N,BOTSWANA,Africa,AfricaSouth,AfricaS,Africa,Africa,Africa,SSA,38.707,2.22,101.945,2.574,163.043,2.143
PER,Peru,Yes,PE,Peruvian new sol,Latin America & Caribbean,Upper middle income,PE,CSA,N,PERU,CSA,LatAm,CSA,Peru,CSA,CSA,SAM,428.611,30.975,1361.754,30.789,2294.57,21.246
ARE,United Arab Emirates,Yes,AE,U.A.E. dirham,Middle East & North Africa,High income: nonOECD,AE,MEA,N,UAE,MidEast,GCCother,MidEast,MidEast,MidEast,MidEast,MAF,536.362,10.949,1266.675,15.935,1486.25,12.242
UKR,Ukraine,Yes,UA,Ukrainian hryvnia,Europe & Central Asia,Lower middle income,UA,FSU,N,UKRAINE,EurEm,EurEm,EurEm,Europe,Europe,EurEm,REF,396.812,42.808,1239.716,37.482,2071.812,25.339
NLD,Netherlands,Yes,NL,Euro,Europe & Central Asia,High income: OECD,NL,WEU,N,NETHLAND,EU,EU28,EU,Europe,Europe,EU,EUR,722.299,17.328,1192.755,19.154,2075.306,19.131
VEN,Venezuela,Yes,VE,Venezuelan bolivar fuerte,Latin America & Caribbean,High income: nonOECD,VE,CSA,N,VENEZUELA,CSA,LatAm,CSA,Venezuela,CSA,CSA,SAM,437.411,32.684,1064.39,37.829,2082.619,29.237
BFA,Burkina Faso,Yes,BF,West African CFA franc,Sub-Saharan Africa,Low income,BF,AFR,N,OTHERAFRIC,Africa,AfricaOther,AfricaW,Africa,Africa,Africa,SSA,34.144,20.862,312.921,32.528,2315.264,37.144
BDI,Burundi,Yes,BI,Burundi franc,Sub-Saharan Africa,Low income,BI,AFR,N,OTHERAFRIC,Africa,AfricaOther,AfricaW,Africa,Africa,Africa,SSA,7.98,10.724,107.592,15.572,911.779,15.088
CMR,Cameroon,Yes,CM,Central African CFA franc,Sub-Saharan Africa,Lower middle income,CM,AFR,N,CAMEROON,Africa,AfricaOther,AfricaW,Africa,Africa,Africa,SSA,65.024,23.15,438.814,30.274,2039.167,28.192
CPV,Cape Verde,Yes,CV,NULL,NULL,NULL,NULL,AFR,N,OTHERAFRIC,Africa,AfricaOther,AfricaW,Africa,Africa,Africa,MAF,2.666,0.523,9.821,0.505,21.37,0.336
CHL,Chile,Yes,CL,Chilean peso,Latin America & Caribbean,High income: OECD,CL,CSA,N,CHILE,CSA,LatAm,CSA,Chile,CSA,CSA,NAM,365.612,18.391,904.435,19.287,1237.188,12.818
KAZ,Kazakhstan,Yes,KZ,Kazakh tenge,Europe & Central Asia,Upper middle income,KZ,FSU,N,KAZAKHSTAN,AsiaCen,AsiaCen,AsiaCen,Asia,AsiaCen,AsiaCen,REF,317.168,17.398,853.897,18.735,965.32,14.463
IRQ,Iraq,Yes,IQ,Iraqi dinar,Middle East & North Africa,Upper middle income,IQ,MEA,N,IRAQ,MidEast,MidEast,MidEast,MidEast,MidEast,MidEast,MAF,251.894,39.552,849.484,57.804,3172.541,60.097
ISR,Israel,Yes,IL,Israeli new shekel,Middle East & North Africa,High income: OECD,IL,MEA,N,ISRAEL,MidEast,MidEast,MidEast,MidEast,MidEast,MidEast,EUR,302.377,9.226,845.769,14.567,2397.985,21.935
SYR,Syrian Arab Republic,Yes,SY,Syrian pound,Middle East & North Africa,Lower middle income,SY,MEA,N,SYRIA,MidEast,MidEast,MidEast,MidEast,MidEast,MidEast,MAF,161.611,23.697,830.194,29.691,2277.079,25.507
SWE,Sweden,Yes,SE,Swedish krona,Europe & Central Asia,High income: OECD,SE,WEU,N,SWEDEN,EU,EU28,EU,Europe,Europe,EU,EUR,413.889,10.234,785.581,12.875,1551.142,15.245
CAF,Central African Republic,Yes,CF,Central African CFA franc,Sub-Saharan Africa,Low income,CF,AFR,N,OTHERAFRIC,Africa,AfricaOther,AfricaW,Africa,Africa,Africa,SSA,4.983,5.137,44.885,6.646,347.344,5.963
CZE,Czech Republic,Yes,CZ,Czech koruna,Europe & Central Asia,High income: OECD,CZ,EEU,N,CZECH,EU,EU28,EU,Europe,Europe,EU,EUR,339.277,11.023,761.578,12.081,1358.684,11.099
TCD,Chad,Yes,TD,Central African CFA franc,Sub-Saharan Africa,Low income,TD,AFR,N,OTHERAFRIC,Africa,AfricaOther,AfricaW,Africa,Africa,Africa,SSA,22.093,14.191,204.119,21.907,1595.121,24.38
BEL,Belgium,Yes,BE,Euro,Europe & Central Asia,High income: OECD,BE,WEU,N,BELGIUM,EU,EU28,EU,Europe,Europe,EU,EUR,420.166,11.324,754.294,13.05,1343.68,13.251
HKG,"Hong Kong SAR, China",No,HK,Hong Kong dollar,East Asia & Pacific,High income: nonOECD,HK,ODA,N,HONGKONG,AsiaDev,AsiaDev,AsiaDev,Asia,HongKong,AsiaDev,SEA,420.817,7.625,740.42,9.051,708.923,6.333
LKA,Sri Lanka,Yes,LK,Sri Lankan rupee,South Asia,Lower middle income,LK,ODA,N,SRILANKA,AsiaEm,AsiaEm,AsiaEm,Asia,SriLanka,AsiaEm,SAS,179.881,22.087,688.87,21.782,1276.543,14.886
UZB,Uzbekistan,Yes,UZ,Uzbek sum,Europe & Central Asia,Lower middle income,UZ,FSU,N,UZBEKISTAN,AsiaCen,AsiaCen,AsiaCen,Asia,AsiaCen,AsiaCen,REF,146.602,29.701,635.314,30.487,1165.121,21.184
CHE,Switzerland,Yes,CH,Swiss franc,Europe & Central Asia,High income: OECD,CH,WEU,N,SWITLAND,EurDev,EurDev,EurDev,Europe,Europe,EurDev,EUR,358.279,8.13,634.462,9.429,1102.079,8.856
COM,Comoros,Yes,KM,Comorian franc,Sub-Saharan Africa,Low income,KM,AFR,N,OTHERAFRIC,Africa,AfricaOther,AfricaW,Africa,Africa,Africa,SSA,1.016,0.863,8.944,1.032,50.658,0.828
AUT,Austria,Yes,AT,Euro,Europe & Central Asia,High income: OECD,AT,WEU,N,AUSTRIA,EU,EU28,EU,Europe,Europe,EU,EUR,363.264,8.734,592.157,9.542,889.725,8.21
ZAR,Democratic Republic of Congo,Yes,CD,Congolese franc,Sub-Saharan Africa,Low income,ZR,AFR,N,CONGOREP,Africa,AfricaSouth,AfricaW,Africa,Africa,Africa,SSA,0,0,0,0,0,0
SGP,Singapore,Yes,SG,Singapore dollar,East Asia & Pacific,High income: nonOECD,SG,ODA,N,SINGAPORE,AsiaDev,AsiaDev,AsiaDev,Asia,Singapore,AsiaDev,SEA,383.146,5.706,577.117,6.378,463.403,4.333
GRC,Greece,Yes,GR,Euro,Europe & Central Asia,High income: OECD,GR,WEU,N,GREECE,EU,EU28,EU,Europe,Europe,EU,EUR,291.041,11.488,568.636,11.642,950.939,9.541
KWT,Kuwait,Yes,KW,Kuwaiti dinar,Middle East & North Africa,High income: nonOECD,KW,MEA,N,KUWAIT,MidEast,GCCother,MidEast,MidEast,MidEast,MidEast,MAF,195.595,3.541,503.089,5.359,642.209,4.729
MMR,Myanmar,Yes,MM,Myanmar kyat,East Asia & Pacific,Lower middle income,MM,ODA,N,MYANMAR,AsiaEm,AsiaEm,AsiaEm,Asia,Myanmar,AsiaEm,SEA,122.894,49.47,501.736,44.733,1044.437,26.365
NOR,Norway,Yes,NO,Norwegian krone,Europe & Central Asia,High income: OECD,NO,WEU,N,NORWAY,EurDev,EurDev,EurDev,Europe,Europe,EurDev,EUR,291.04,5.448,497.539,7.248,981.062,8.713
ECU,Ecuador,Yes,EC,U.S. dollar,Latin America & Caribbean,Upper middle income,EC,CSA,N,ECUADOR,CSA,LatAm,CSA,Ecuador,CSA,CSA,SAM,149.147,16.091,491.853,18.13,1195.933,14.006
DJI,Djibouti,Yes,DJ,Djibouti franc,Middle East & North Africa,Lower middle income,DJ,AFR,N,OTHERAFRIC,Africa,AfricaOther,AfricaW,Africa,Africa,Africa,MAF,3.164,1.033,19.589,1.289,64.441,1.121
EGY,Egypt,Yes,EG,Egyptian pound,Middle East & North Africa,Lower middle income,EG,AFR,Y,EGYPT,Africa,AfricaNorth,AfricaN,Africa,Africa,Africa,MAF,708.512,93.382,3326.028,112.941,7881.533,96.865
PRT,Portugal,Yes,PT,Euro,Europe & Central Asia,High income: OECD,PT,WEU,N,PORTUGAL,EU,EU28,EU,Europe,Europe,EU,EUR,253.869,10.951,460.909,11.624,834.34,10.087
AFG,Afghanistan,Yes,AF,Afghan afghani,South Asia,Low income,AF,ODA,N,OTHERASIA,AsiaEm,AsiaEm,AsiaEm,Asia,AsiaEm,AsiaEm,SAS,59.153,39.535,456.674,60.68,3707.958,65.377
GNQ,Equatorial Guinea,Yes,GQ,Central African CFA franc,Sub-Saharan Africa,High income: nonOECD,GQ,AFR,N,EQGUINEA,Africa,AfricaOther,AfricaW,Africa,Africa,Africa,SSA,27.725,0.879,75.737,1.311,141.89,1.367
GTM,Guatemala,Yes,GT,Guatemalan quetzal,Latin America & Caribbean,Lower middle income,GT,CSA,N,GUATEMALA,CSA,LatAm,CSA,Guatemala,CSA,CSA,SAM,84.241,16.881,421.044,20.612,1490.786,18.157
QAT,Qatar,Yes,QA,Qatari riyal,Middle East & North Africa,High income: nonOECD,QA,MEA,N,QATAR,MidEast,GCCother,MidEast,MidEast,MidEast,MidEast,MAF,257.151,2.541,412.954,3.563,389.45,2.643
YEM,Yemen,Yes,YE,Yemeni rial,Middle East & North Africa,Lower middle income,RY,MEA,N,YEMEN,MidEast,MidEast,MidEast,MidEast,MidEast,MidEast,MAF,70.414,31.057,404.344,47.099,1558.095,49.524
ERI,Eritrea,Yes,ER,Eritrean nakfa,Sub-Saharan Africa,Low income,ER,AFR,N,ERITREA,Africa,AfricaOther,AfricaE,Africa,Africa,Africa,SSA,3.579,6.733,30.955,10.152,353.961,10.322
ETH,Ethiopia,Yes,ET,Ethiopian birr,Sub-Saharan Africa,Low income,ET,AFR,Y,ETHIOPIA,Africa,AfricaOther,AfricaE,Africa,Africa,Africa,SSA,148.134,100.815,1406.961,139.507,9878.23,137.215
BLR,Belarus,Yes,BY,Belarusian rubel,Europe & Central Asia,Upper middle income,BY,FSU,N,BELARUS,AsiaCen,EurEm,AsiaCen,Asia,AsiaCen,AsiaCen,REF,176.778,9.238,385.669,7.953,451.145,4.869
NPL,Nepal,Yes,NP,Nepalese rupee,South Asia,Low income,NP,ODA,N,NEPAL,AsiaEm,AsiaEm,AsiaEm,Asia,AsiaEm,AsiaEm,SAS,49.768,34.907,380.174,44.054,2062.893,36.968
IRL,Ireland,Yes,IE,Euro,Europe & Central Asia,High income: OECD,IE,WEU,N,IRELAND,EU,EU28,EU,Europe,Europe,EU,EUR,202.161,5.052,364.787,6.527,700.225,7.25
HUN,Hungary,Yes,HU,Hungarian forint,Europe & Central Asia,High income: OECD,HU,EEU,N,HUNGARY,EU,EU28,EU,Europe,Europe,EU,EUR,193.977,9.784,362.479,9.272,632.169,7.408
FIN,Finland,Yes,FI,Euro,Europe & Central Asia,High income: OECD,FI,WEU,N,FINLAND,EU,EU28,EU,Europe,Europe,EU,EUR,209.75,5.646,361.822,6.393,688.322,6.984
DNK,Denmark,Yes,DK,Danish krone,Europe & Central Asia,High income: OECD,DK,WEU,N,DENMARK,EU,EU28,EU,Europe,Europe,EU,EUR,212.78,5.836,361.611,6.793,753.056,7.708
DOM,Dominican Republic,Yes,DO,Dominican peso,Latin America & Caribbean,Upper middle income,DO,CSA,N,DOMINICANR,CSA,LatAm,CSA,DomiRepub,CSA,CSA,SAM,127.115,10.885,347.633,11.754,598.552,8.811
GAB,Gabon,Yes,GA,Central African CFA franc,Sub-Saharan Africa,Upper middle income,GA,AFR,N,GABON,Africa,AfricaOther,AfricaW,Africa,Africa,Africa,SSA,27.81,1.737,82.442,2.149,170.467,1.86
GHA,Ghana,Yes,GH,New Ghanaian cedi,Sub-Saharan Africa,Lower middle income,GH,AFR,N,GHANA,Africa,AfricaWest,AfricaW,Africa,Africa,Africa,SSA,77.543,29.309,579.069,39.901,2664.392,39.392
BOL,Bolivia,Yes,BO,Bolivian Boliviano,Latin America & Caribbean,Lower middle income,BO,CSA,N,BOLIVIA,CSA,LatAm,CSA,Bolivia,CSA,CSA,SAM,68.298,11.072,317.65,12.297,937.632,9.625
GIN,Guinea,Yes,GN,Guinean franc,Sub-Saharan Africa,Low income,GN,AFR,N,OTHERAFRIC,Africa,AfricaOther,AfricaW,Africa,Africa,Africa,SSA,26.01,11.461,341.872,13.564,1266.6,12.015
JOR,Jordan,Yes,JO,Jordanian dinar,Middle East & North Africa,Upper middle income,JO,MEA,N,JORDAN,MidEast,MidEast,MidEast,MidEast,MidEast,MidEast,MAF,51.157,7.862,307.913,11.946,933.653,11.76
NZL,New Zealand,Yes,NZ,New Zealand dollar,East Asia & Pacific,High income: OECD,NZ,AUS,N,NZ,AsiaDev,AsiaDev,AsiaDev,Asia,AsiaDev,AsiaDev,OCE,140.859,4.858,296.395,6.044,678.899,6.464
KHM,Cambodia,Yes,KH,Cambodian riel,East Asia & Pacific,Low income,KH,ODA,N,CAMBODIA,AsiaEm,AsiaEm,AsiaEm,Asia,AsiaEm,AsiaEm,SEA,54.263,15.329,291.704,15.739,891.361,10.95
SVK,Slovak Republic,Yes,SK,Euro,Europe & Central Asia,High income: OECD,SK,EEU,N,SLOVAKIA,EU,EU28,EU,Europe,Europe,EU,EUR,151.136,5.626,291.068,5.719,441.678,4.63
BGR,Bulgaria,Yes,BG,Bulgarian lev,Europe & Central Asia,Upper middle income,BG,EEU,N,BULGARIA,EU,EU28,EU,Europe,Europe,EU,REF,119.24,7.059,289.035,6.133,341.909,3.948
OMN,Oman,Yes,OM,Rial Omani,Middle East & North Africa,High income: nonOECD,OM,MEA,N,OMAN,MidEast,GCCother,MidEast,MidEast,MidEast,MidEast,MAF,100.514,3.268,268.472,4.17,418.263,3.507
TKM,Turkmenistan,Yes,TM,New Turkmen manat,Europe & Central Asia,Upper middle income,TM,FSU,N,TURKMENIST,AsiaCen,AsiaCen,AsiaCen,Asia,AsiaCen,AsiaCen,REF,83.227,5.512,265.259,5.81,265.469,4.102
GNB,Guinea-Bissau,Yes,GW,West African CFA franc,Sub-Saharan Africa,Low income,GW,AFR,N,OTHERAFRIC,Africa,AfricaOther,AfricaW,Africa,Africa,Africa,SSA,2.481,1.765,24.827,2.237,170.556,2.053
CIV,Ivory Coast,Yes,CI,West African CFA franc,Sub-Saharan Africa,Lower middle income,CI,AFR,N,COTEIVOIRE,Africa,AfricaWest,AfricaW,Africa,Africa,Africa,SSA,59.253,22.513,604.593,26.936,2266.788,23.912
PAN,Panama,Yes,PA,Panamanian balboa,Latin America & Caribbean,Upper middle income,PA,CSA,N,PANAMA,CSA,LatAm,CSA,CSA,CSA,CSA,SAM,85.061,3.965,257.626,4.645,395.434,3.622
KEN,Kenya,Yes,KE,Kenyan shilling,Sub-Saharan Africa,Lower middle income,KE,AFR,N,KENYA,Africa,AfricaOther,AfricaE,Africa,Africa,Africa,SSA,102,49.716,755.228,70.348,4368.909,71.663
LSO,Lesotho,Yes,LS,Lesotho loti,Sub-Saharan Africa,Lower middle income,LS,AFR,N,OTHERAFRIC,Africa,AfricaOther,AfricaW,Africa,Africa,Africa,SSA,4.886,2.342,32.014,2.542,165.319,1.965
LBR,Liberia,Yes,LR,U.S. dollar,Sub-Saharan Africa,Low income,LR,AFR,N,OTHERAFRIC,Africa,AfricaOther,AfricaW,Africa,Africa,Africa,SSA,4.65,5.579,83.026,9.687,699.269,10.609
PRY,Paraguay,Yes,PY,Paraguayan guarani,Latin America & Caribbean,Upper middle income,PY,CSA,N,PARAGUAY,CSA,LatAm,CSA,Paraguay,CSA,CSA,SAM,46.173,7.351,228.926,8.65,639.942,7.118
CRI,Costa Rica,Yes,CR,Costa Rican colon,Latin America & Caribbean,Upper middle income,CR,CSA,N,COSTARICA,CSA,LatAm,CSA,CostRica,CSA,CSA,SAM,74.678,5.251,214.092,6.176,353.001,4.593
LBY,Libya,Yes,LY,Libyan dinar,Middle East & North Africa,Upper middle income,LY,AFR,N,LIBYA,Africa,AfricaNorth,AfricaN,Africa,Africa,Africa,MAF,159.087,7.35,393.463,8.825,679.993,7.234
CUB,Cuba,Yes,CU,Cuban peso,Latin America & Caribbean,Upper middle income,CU,CSA,N,CUBA,CSA,LatAm,CSA,Cuba,CSA,CSA,SAM,87.467,11.031,202.077,8.994,270.678,3.917
LBN,Lebanon,Yes,LB,Lebanese pound,Middle East & North Africa,Upper middle income,LB,MEA,N,LEBANON,MidEast,MidEast,MidEast,MidEast,MidEast,MidEast,MAF,75.379,4.5,196.021,4.677,273.875,3.202
MDG,Madagascar,Yes,MG,Malagasy ariary,Sub-Saharan Africa,Low income,MG,AFR,N,OTHERAFRIC,Africa,AfricaOther,AfricaW,Africa,Africa,Africa,SSA,25.494,25.921,264.705,37.333,2133.653,36.669
SRB,Serbia,Yes,RS,New Serbian dinar,Europe & Central Asia,Upper middle income,YF,EEU,N,SERBIA,EurEm,EurEm,EurEm,Europe,Europe,EurEm,REF,85.304,9.703,186.969,9.361,266.991,6.115
HND,Honduras,Yes,HN,Honduran lempira,Latin America & Caribbean,Lower middle income,HN,CSA,N,HONDURAS,CSA,LatAm,CSA,Honduras,CSA,CSA,SAM,37.385,8.697,183.986,10.094,672.458,8.24
AZE,Azerbaijan,Yes,AZ,New Azeri manat,Europe & Central Asia,Upper middle income,AZ,FSU,N,AZERBAIJAN,AsiaCen,AsiaCen,AsiaCen,Asia,AsiaCen,AsiaCen,REF,105.154,10.023,182.697,10.328,379.716,7.06
PNG,Papua New Guinea,Yes,PG,Papua New Guinea kina,East Asia & Pacific,Lower middle income,PG,ODA,N,OTHERASIA,AsiaEm,AsiaEm,AsiaEm,Asia,AsiaEm,AsiaEm,SEA,29.564,8.094,176.856,10.186,731.938,8.456
MWI,Malawi,Yes,MW,Malawi kwacha,Sub-Saharan Africa,Low income,MW,AFR,N,OTHERAFRIC,Africa,AfricaOther,AfricaW,Africa,Africa,Africa,SSA,20.813,19.45,258.178,33.583,2936.041,42.692
MLI,Mali,Yes,ML,West African CFA franc,Sub-Saharan Africa,Low income,ML,AFR,N,OTHERAFRIC,Africa,AfricaOther,AfricaW,Africa,Africa,Africa,SSA,22.285,19.618,237.928,30.353,1859.952,33.287
LAO,Laos,Yes,LA,NULL,NULL,NULL,NULL,ODA,N,LAO,AsiaEm,AsiaEm,AsiaEm,Asia,AsiaEm,AsiaEm,SEA,30.172,6.931,166.953,7.653,422.257,5.565
MNG,Mongolia,Yes,MN,Mongolian tugrik,East Asia & Pacific,Upper middle income,MN,ODA,N,MONGOLIA,AsiaEm,AsiaEm,AsiaEm,Asia,AsiaEm,AsiaEm,SEA,28.246,3.095,147.597,3.418,231.603,2.612
URY,Uruguay,Yes,UY,Uruguayan peso,Latin America & Caribbean,High income: nonOECD,UY,CSA,N,URUGUAY,CSA,LatAm,CSA,Uruguay,CSA,CSA,SAM,61.655,3.39,146.023,3.088,186.777,1.897
HTI,Haiti,Yes,HT,Haitian gourde,Latin America & Caribbean,Low income,HT,CSA,N,HAITI,CSA,LatAm,CSA,CSA,CSA,CSA,SAM,16.94,10.945,141.007,11.94,663.647,9.155
BHR,Bahrain,Yes,BH,Bahraini dinar,Middle East & North Africa,High income: nonOECD,BH,MEA,N,BAHRAIN,MidEast,GCCother,MidEast,MidEast,MidEast,MidEast,MAF,44.72,1.861,137.333,2.958,221.154,2.756
HRV,Croatia,Yes,HR,Croatian kuna,Europe & Central Asia,High income: nonOECD,HR,EEU,N,CROATIA,EU,EU28,EU,Europe,Europe,EU,REF,81.775,4.33,136.685,3.949,151.091,2.482
TJK,Tajikistan,Yes,TJ,Tajik somoni,Europe & Central Asia,Lower middle income,TJ,FSU,N,TAJIKISTAN,AsiaCen,AsiaCen,AsiaCen,Asia,AsiaCen,AsiaCen,REF,22.833,7.404,135.018,7.106,297.496,4.864
MRT,Mauritania,Yes,MR,Mauritanian ouguiya,Sub-Saharan Africa,Lower middle income,MR,AFR,N,OTHERAFRIC,Africa,AfricaOther,AfricaW,Africa,Africa,Africa,SSA,13.068,4.176,67.055,5.43,258.939,4.995
PRI,Puerto Rico,Yes,PR,U.S. dollar,Latin America & Caribbean,High income: nonOECD,PR,CSA,N,OTHERLATIN,CSA,LatAm,CSA,CSA,CSA,CSA,NAM,79.597,3.62,118.932,2.847,102.961,1.347
SLV,El Salvador,Yes,SV,U.S. dollar,Latin America & Caribbean,Lower middle income,SV,CSA,N,ELSALVADOR,CSA,LatAm,CSA,CSA,CSA,CSA,SAM,45.372,6.287,117.618,5.425,231.928,3.318
LTU,Lithuania,Yes,LT,Euro,Europe & Central Asia,High income: nonOECD,LT,FSU,N,LITHUANIA,EU,EU28,EU,Europe,Europe,EU,REF,71.844,3.179,115.974,2.634,115.797,1.548
SVN,Slovenia,Yes,SI,Euro,Europe & Central Asia,High income: OECD,SI,EEU,N,SLOVENIA,EU,EU28,EU,Europe,Europe,EU,EUR,61.824,2.103,110.181,2.271,187.504,2.15
NIC,Nicaragua,Yes,NI,Nicaraguan gold cordoba,Latin America & Caribbean,Lower middle income,NI,CSA,N,NICARAGUA,CSA,LatAm,CSA,CSA,CSA,CSA,SAM,20.776,6.235,109.539,6.147,343.916,4.286
MUS,Mauritius,Yes,MU,Mauritian rupee,Sub-Saharan Africa,Upper middle income,MU,AFR,N,MAURITIUS,Africa,AfricaOther,AfricaE,Africa,Africa,Africa,SSA,23.714,1.357,66.158,1.383,104.725,0.971
MYT,Mayotte,Yes,YT,NULL,NULL,NULL,NULL,NULL,N,N/A,Africa,AfricaOther,Africa,Africa,Africa,Africa,N/A,0,0,0,0,0,0
GEO,Georgia,Yes,GE,Georgian lari,Europe & Central Asia,Lower middle income,GE,FSU,N,GEORGIA,EurEm,EurEm,EurEm,Europe,Europe,EurEm,REF,34.753,4.107,101.374,3.108,135.97,1.627
BIH,Bosnia and Herzegovina,Yes,BA,Bosnia and Herzegovina convertible mark,Europe & Central Asia,Upper middle income,BA,EEU,N,BOSNIAHERZ,EurEm,EurEm,EurEm,Europe,Europe,EurEm,REF,37.787,3.713,96.512,3.244,95.538,1.77
MAR,Morocco,Yes,MA,Moroccan dirham,Middle East & North Africa,Lower middle income,MA,AFR,N,MOROCCO,Africa,AfricaNorth,AfricaN,Africa,Africa,Africa,MAF,224.444,34.094,1009.167,33.899,2106.512,23.042
KGZ,Kyrgyz Republic,Yes,KG,Kyrgyz som,Europe & Central Asia,Lower middle income,KG,FSU,N,KYRGYZSTAN,AsiaCen,AsiaCen,AsiaCen,Asia,AsiaCen,AsiaCen,REF,17.742,5.746,84.702,5.779,200.332,4.015
MOZ,Mozambique,Yes,MZ,New Mozambican metical,Sub-Saharan Africa,Low income,MZ,AFR,N,MOZAMBIQUE,Africa,AfricaSouth,AfricaS,Africa,Africa,Africa,SSA,39.304,27.857,400.98,37.606,3268.621,36.623
NAM,Namibia,Yes,NA,Namibian dollar,Sub-Saharan Africa,Upper middle income,NA,AFR,N,NAMIBIA,Africa,AfricaSouth,AfricaS,Africa,Africa,Africa,SSA,20.028,2.615,73.161,3.177,158.463,2.692
LVA,Latvia,Yes,LV,Euro,Europe & Central Asia,High income: nonOECD,LV,FSU,N,LATVIA,EU,EU28,EU,Europe,Europe,EU,REF,41.654,2.122,82.403,1.798,95.892,1.081
NER,Niger,Yes,NE,West African CFA franc,Sub-Saharan Africa,Low income,NE,AFR,N,NIGER,Africa,AfricaWest,AfricaW,Africa,Africa,Africa,SSA,18.914,20.881,231.559,38.749,3242.969,51.878
NGA,Nigeria,Yes,NG,Nigerian naira,Sub-Saharan Africa,Lower middle income,NG,AFR,Y,NIGERIA,Africa,AfricaWest,AfricaW,Africa,Africa,Africa,SSA,636.006,197.847,5039.996,328.589,35723.951,430.54
MKD,Macedonia,Yes,MK,Macedonian denar,Europe & Central Asia,Upper middle income,MK,EEU,N,NORTHMACED,EurEm,EurEm,EurEm,Europe,Europe,EurEm,REF,26.772,2.118,75.675,2.227,100.9,1.562
LUX,Luxembourg,Yes,LU,Euro,Europe & Central Asia,High income: OECD,LU,WEU,N,LUXEMBOU,EU,EU28,EU,Europe,Europe,EU,EUR,44.203,0.595,74.688,0.848,107.34,0.943
PSE,Palestine,Yes,PS,NULL,NULL,NULL,NULL,AFR,N,MPALESTINE,Africa,AfricaOther,Africa,Africa,Africa,Africa,N/A,20.72,4.744,125.396,5.049,343.628,3.801
ALB,Albania,Yes,AL,Albanian lek,Europe & Central Asia,Upper middle income,AL,EEU,N,ALBANIA,EurEm,EurEm,EurEm,Europe,Europe,EurEm,REF,30.452,3.245,70.384,3.052,97.006,1.81
COG,Republic of Congo,Yes,CG,Central African CFA franc,Sub-Saharan Africa,Lower middle income,CG,AFR,N,CONGO,Africa,AfricaOther,AfricaW,Africa,Africa,Africa,SSA,30.143,4.973,171.163,7.108,570.883,6.977
EST,Estonia,Yes,EE,Euro,Europe & Central Asia,High income: OECD,EE,FSU,N,ESTONIA,EU,EU28,EU,Europe,Europe,EU,EUR,32.863,1.33,66.857,1.303,116.771,1.192
RWA,Rwanda,Yes,RW,Rwandan franc,Sub-Saharan Africa,Low income,RW,AFR,N,OTHERAFRIC,Africa,AfricaOther,AfricaW,Africa,Africa,Africa,SSA,21.72,13.376,193.498,19.982,1210.62,21.839
TTO,Trinidad and Tobago,Yes,TT,Trinidad and Tobago dollar,Latin America & Caribbean,High income: nonOECD,TT,CSA,N,TRINIDAD,CSA,LatAm,CSA,CSA,CSA,CSA,SAM,38.189,1.358,63.845,1.181,55.596,0.615
STP,Sao Tome and Principe,Yes,ST,SÆo Tom‚ and Principe dobra,Sub-Saharan Africa,Lower middle income,ST,AFR,N,OTHERAFRIC,Africa,AfricaOther,AfricaW,Africa,Africa,Africa,SSA,0.986,0.181,5.994,0.181,12.646,0.127
MAC,"Macao SAR, China",Yes,MO,Macao pataca,East Asia & Pacific,High income: nonOECD,MO,ODA,N,OTHERASIA,AsiaEm,AsiaEm,AsiaEm,Asia,AsiaEm,AsiaEm,SEA,40.065,0.612,57.789,0.754,46.44,0.536
ARM,Armenia,Yes,AM,Armenian dram,Europe & Central Asia,Lower middle income,AM,FSU,N,ARMENIA,AsiaCen,AsiaCen,AsiaCen,Asia,AsiaCen,AsiaCen,REF,21.519,3.016,57.013,2.46,76.396,1.348
BTN,Bhutan,Yes,BT,Bhutanese ngultrum,South Asia,Lower middle income,BT,ODA,N,OTHERASIA,AsiaEm,AsiaEm,AsiaEm,Asia,AsiaEm,AsiaEm,SAS,9.745,0.856,56.626,1.122,115.549,0.944
MDA,Moldova,Yes,MD,Moldovan leu,Europe & Central Asia,Lower middle income,MD,FSU,N,MOLDOVA,AsiaCen,EurEm,AsiaCen,Asia,AsiaCen,AsiaCen,REF,15.745,3.187,55.235,2.123,63.972,0.873
JAM,Jamaica,Yes,JM,Jamaican dollar,Latin America & Caribbean,Upper middle income,JM,CSA,N,JAMAICA,CSA,LatAm,CSA,CSA,CSA,CSA,SAM,21.455,2.792,49.374,2.498,98.361,1.56
CYP,Cyprus,Yes,CY,Euro,Europe & Central Asia,High income: nonOECD,CY,MEA,N,CYPRUS,EU,EU28,EU,Europe,Europe,EU,MAF,22.876,1.241,46.612,1.51,76.251,1.143
BRN,Brunei,Yes,BN,Brunei dollar,East Asia & Pacific,High income: nonOECD,BN,ODA,N,BRUNEI,AsiaEm,AsiaEm,AsiaEm,Asia,AsiaEm,AsiaEm,SEA,24.275,0.455,46.38,0.543,54.836,0.42
SEN,Senegal,Yes,SN,West African CFA franc,Sub-Saharan Africa,Lower middle income,SN,AFR,N,SENEGAL,Africa,AfricaWest,AfricaW,Africa,Africa,Africa,SSA,33.917,15.038,241.957,19.506,1331.819,18.219
SYC,Seychelles,Yes,SC,Seychelles rupee,Sub-Saharan Africa,High income: nonOECD,SC,AFR,N,OTHERAFRIC,Africa,AfricaOther,AfricaW,Africa,Africa,Africa,SSA,0,0,0,0,0,0
ISL,Iceland,Yes,IS,Iceland krona,Europe & Central Asia,High income: OECD,IS,WEU,N,ICELAND,EurDev,EurDev,EurDev,Europe,Europe,EurDev,EUR,14.071,0.37,32.334,0.504,70.627,0.593
SLE,Sierra Leone,Yes,SL,Sierra Leonean leone,Sub-Saharan Africa,Low income,SL,AFR,N,OTHERAFRIC,Africa,AfricaOther,AfricaW,Africa,Africa,Africa,SSA,9.21,7.164,85.432,10.187,571.939,9.999
SOM,Somalia,Yes,SO,Somali shilling,Sub-Saharan Africa,Low income,SO,AFR,N,OTHERAFRIC,Africa,AfricaOther,AfricaW,Africa,Africa,Africa,SSA,0.539,10.87,11.428,13.109,143.806,11.467
ZAF,South Africa,Yes,ZA,South African rand,Sub-Saharan Africa,Upper middle income,ZA,AFR,N,SOUTHAFRIC,Africa,AfricaSouth,SouthAfrica,Africa,Africa,Africa,SSA,710.767,54.709,2074.644,62.344,3388.435,48.935
SSD,South Sudan,Yes,SS,South Sudanese Pound,Sub-Saharan Africa,Low income,SS,AFR,N,SSUDAN,Africa,AfricaOther,AfricaE,Africa,Africa,Africa,SSA,0,0,0,0,0,0
MLT,Malta,Yes,MT,Euro,Middle East & North Africa,High income: nonOECD,MT,EEU,N,MALTA,EU,EU28,EU,Europe,Europe,EU,REF,11.745,0.432,22.878,0.429,26.347,0.278
BHS,The Bahamas,Yes,BS,Bahamian dollar,Latin America & Caribbean,High income: nonOECD,BS,CSA,N,OTHERLATIN,CSA,LatAm,CSA,CSA,CSA,CSA,SAM,12.364,0.383,22.657,0.444,28.526,0.338
SUR,Suriname,Yes,SR,Suriname dollar,Latin America & Caribbean,Upper middle income,SR,CSA,N,SURINAME,CSA,LatAm,CSA,CSA,CSA,CSA,SAM,5.86,0.563,20.25,0.594,37.476,0.444
SDN,Sudan,Yes,SD,Sudanese pound,Sub-Saharan Africa,Lower middle income,SD,AFR,N,SUDAN,Africa,AfricaNorth,AfricaE,Africa,Africa,Africa,SSA,140.428,53.171,1016.528,77.031,6158.043,84.439
MNE,Montenegro,Yes,ME,Euro,Europe & Central Asia,Upper middle income,ME,EEU,N,MONTENEGRO,EurEm,EurEm,EurEm,Europe,Europe,EurEm,REF,7.945,0.648,17.34,0.663,22.956,0.448
NCL,New Caledonia,Yes,NC,CFP franc,East Asia & Pacific,High income: nonOECD,NC,ODA,N,OTHERASIA,AsiaEm,AsiaEm,AsiaEm,Asia,AsiaEm,AsiaEm,SEA,6.461,0.288,16.523,0.36,25.776,0.316
FJI,Fiji,Yes,FJ,Fijian dollar,East Asia & Pacific,Upper middle income,FJ,ODA,N,OTHERASIA,AsiaEm,AsiaEm,AsiaEm,Asia,AsiaEm,AsiaEm,SEA,4.336,0.897,14.015,0.818,39.304,0.532
SLB,Solomon Islands,Yes,SB,Solomon Islands dollar,East Asia & Pacific,Lower middle income,SB,ODA,N,OTHERASIA,AsiaEm,AsiaEm,AsiaEm,Asia,AsiaEm,AsiaEm,SEA,2.15,0.647,13.115,0.842,50.35,0.734
GUY,Guyana,Yes,GY,Guyana dollar,Latin America & Caribbean,Lower middle income,GY,CSA,N,OTHERLATIN,CSA,LatAm,CSA,CSA,CSA,CSA,SAM,3.685,0.762,12.217,0.659,27.303,0.385
SWZ,Swaziland,Yes,SZ,Swaziland lilangeni,Sub-Saharan Africa,Lower middle income,SZ,AFR,N,OTHERAFRIC,Africa,AfricaOther,AfricaW,Africa,Africa,Africa,SSA,5.949,1.32,25.028,1.519,88.588,1.273
MDV,Maldives,Yes,MV,Maldivian rufiyaa,South Asia,Upper middle income,MV,ODA,N,OTHERASIA,AsiaEm,AsiaEm,AsiaEm,Asia,AsiaEm,AsiaEm,SAS,3.348,0.358,11.215,0.422,22.795,0.291
PYF,French Polynesia,Yes,PF,CFP franc,East Asia & Pacific,High income: nonOECD,PF,ODA,N,OTHERASIA,AsiaEm,AsiaEm,AsiaEm,Asia,AsiaEm,AsiaEm,SEA,5.39,0.297,9.941,0.329,17.459,0.262
BRB,Barbados,Yes,BB,Barbados dollar,Latin America & Caribbean,High income: nonOECD,BB,CSA,N,OTHERLATIN,CSA,LatAm,CSA,CSA,CSA,CSA,SAM,5.608,0.277,9.865,0.257,11.683,0.146
TZA,Tanzania,Yes,TZ,Tanzanian shilling,Sub-Saharan Africa,Low income,TZ,AFR,N,TANZANIA,Africa,AfricaSouth,AfricaS,Africa,Africa,Africa,SSA,103.978,56.306,975.595,85.019,6153.153,92.162
GMB,The Gambia,Yes,GM,Gambian dalasi,Sub-Saharan Africa,Low income,GM,AFR,N,OTHERAFRIC,Africa,AfricaOther,AfricaW,Africa,Africa,Africa,SSA,5.269,2.122,36.807,2.865,186.717,2.743
BLZ,Belize,Yes,BZ,Belize dollar,Latin America & Caribbean,Upper middle income,BZ,CSA,N,OTHERLATIN,CSA,LatAm,CSA,CSA,CSA,CSA,SAM,2.592,0.356,8.521,0.39,20.309,0.295
VUT,Vanuatu,Yes,VU,Vanuatu vatu,East Asia & Pacific,Lower middle income,VU,ODA,N,OTHERASIA,AsiaEm,AsiaEm,AsiaEm,Asia,AsiaEm,AsiaEm,SEA,1.38,0.288,8.169,0.38,36.706,0.343
TGO,Togo,Yes,TG,West African CFA franc,Sub-Saharan Africa,Low income,TG,AFR,N,TOGO,Africa,AfricaWest,AfricaW,Africa,Africa,Africa,SSA,9.058,7.168,79.746,9.559,651.142,8.98
LCA,St. Lucia,Yes,LC,East Caribbean dollar,Latin America & Caribbean,Upper middle income,LC,CSA,N,OTHERLATIN,CSA,LatAm,CSA,CSA,CSA,CSA,SAM,1.719,0.188,5.21,0.197,11.797,0.135
VCT,St. Vincent and the Grenadines,Yes,VC,East Caribbean dollar,Latin America & Caribbean,Upper middle income,VC,CSA,N,OTHERLATIN,CSA,LatAm,CSA,CSA,CSA,CSA,SAM,1.307,0.108,2.909,0.095,4.575,0.059
WSM,Samoa,Yes,WS,Samoan tala,East Asia & Pacific,Lower middle income,WS,ODA,N,OTHERASIA,AsiaEm,AsiaEm,AsiaEm,Asia,AsiaEm,AsiaEm,SEA,0.873,0.183,2.395,0.149,5.243,0.091
ABW,Aruba,Yes,AW,Aruban florin,Latin America & Caribbean,High income: nonOECD,AW,CSA,N,OTHERLATIN,CSA,LatAm,CSA,CSA,CSA,CSA,SAM,0.266,0.124,1.617,0.148,7.505,0.114
TON,Tonga,Yes,TO,Tongan pa'anga,East Asia & Pacific,Upper middle income,TO,ODA,N,OTHERASIA,AsiaEm,AsiaEm,AsiaEm,Asia,AsiaEm,AsiaEm,SEA,0.498,0.106,1.537,0.093,4.006,0.061
AL,Alabama-us,No,AL,U.S. dollar,North America,High income: OECD,NULL,USA,N,N/A,N/A,N/A,N/A,N/A,N/A,N/A,NAM,0,0,0,0,0,0
ASM,American Samoa,Yes,AS,U.S. dollar,East Asia & Pacific,Upper middle income,AS,SKO,N,N/A,AsiaEm,AsiaEm,AsiaEm,Asia,AsiaEm,AsiaEm,EAS,0,0,0,0,0,0
ADO,Andorra,Yes,AD,Euro,Europe & Central Asia,High income: nonOECD,AD,WEU,N,N/A,EurDev,EurDev,EurDev,Europe,Europe,EurDev,EUR,0,0,0,0,0,0
AIA,Anguilla,No,AI,NULL,NULL,NULL,NULL,NULL,N,OTHERLATIN,N/A,N/A,N/A,N/A,N/A,N/A,N/A,0,0,0,0,0,0
ATA,ANTARCTICA,No,AQ,NULL,NULL,NULL,NULL,Antartica,N,N/A,N/A,N/A,N/A,N/A,N/A,N/A,N/A,0,0,0,0,0,0
ATG,Antigua and Barbuda,Yes,AG,East Caribbean dollar,Latin America & Caribbean,High income: nonOECD,AG,CSA,N,OTHERLATIN,CSA,LatAm,CSA,CSA,CSA,CSA,SAM,0,0,0,0,0,0
NULL,ANZAC,No,NULL,NULL,NULL,NULL,NULL,NULL,N,N/A,N/A,N/A,N/A,N/A,N/A,N/A,N/A,0,0,0,0,0,0
ARB,Arab World,No,1A,NULL,NULL,NULL,1A,NULL,N,N/A,N/A,N/A,N/A,N/A,N/A,N/A,N/A,0,0,0,0,0,0
AZ,Arizona-us,No,AZ,U.S. dollar,North America,High income: OECD,NULL,USA,N,N/A,N/A,N/A,N/A,N/A,N/A,N/A,NAM,0,0,0,0,0,0
AR,Arkansas-us,No,AR,U.S. dollar,North America,High income: OECD,NULL,USA,N,N/A,N/A,N/A,N/A,N/A,N/A,N/A,NAM,0,0,0,0,0,0
SH-AC,Ascension Island,No,SH,NULL,NULL,NULL,NULL,NULL,N,N/A,N/A,N/A,N/A,N/A,N/A,N/A,N/A,0,0,0,0,0,0
BMU,Bermuda,Yes,BM,Bermuda dollar,North America,High income: nonOECD,BM,CSA,N,OTHERLATIN,CSA,LatAm,CSA,CSA,CSA,CSA,SAM,0,0,0,0,0,0
BVT,Bouvet Island,Yes,BV ,NULL,NULL,NULL,NULL,NULL,N,N/A,N/A,N/A,N/A,N/A,N/A,N/A,N/A,0,0,0,0,0,0
VGB,british virgin islands,No,VG,NULL,NULL,NULL,NULL,CSA,N,OTHERLATIN,N/A,N/A,N/A,N/A,N/A,N/A,SAM,0,0,0,0,0,0
CA,California-us,No,CA,U.S. dollar,North America,High income: OECD,NULL,USA,N,N/A,N/A,N/A,N/A,N/A,N/A,N/A,NAM,0,0,0,0,0,0
CSS,Caribbean small states,No,S3,NULL,NULL,NULL,S3,NULL,N,N/A,N/A,N/A,N/A,N/A,N/A,N/A,N/A,0,0,0,0,0,0
CYM,Cayman Islands,Yes,KY,Cayman Islands dollar,Latin America & Caribbean,High income: nonOECD,KY,CSA,N,OTHERLATIN,CSA,LatAm,CSA,CSA,CSA,CSA,SAM,0,0,0,0,0,0
CEB,Central Europe and the Baltics,No,B8,NULL,NULL,NULL,B8,NULL,N,N/A,N/A,N/A,N/A,N/A,N/A,N/A,N/A,0,0,0,0,0,0
CHI,Channel Islands,No,NULL,Pound sterling,Europe & Central Asia,High income: nonOECD,JG,WEU,N,N/A,N/A,N/A,N/A,N/A,N/A,N/A,EUR,0,0,0,0,0,0
CCK,Cocos (Keeling) Islands,Yes,CC,NULL,NULL,NULL,NULL,NULL,N,N/A,AsiaDev,AsiaDev,AsiaDev,Asia,AsiaDev,AsiaDev,N/A,0,0,0,0,0,0
CO,Colorado-us,No,CO,U.S. dollar,North America,High income: OECD,NULL,USA,N,N/A,N/A,N/A,N/A,N/A,N/A,N/A,NAM,0,0,0,0,0,0
CT,Connecticut-us,No,CT,U.S. dollar,North America,High income: OECD,NULL,USA,N,N/A,N/A,N/A,N/A,N/A,N/A,N/A,NAM,0,0,0,0,0,0
COK,Cook Islands,Yes,CK,NULL,NULL,NULL,NULL,ODA,N,OTHERASIA,AsiaEm,AsiaEm,AsiaEm,Asia,AsiaEm,AsiaEm,SEA,0,0,0,0,0,0
CUW,Curacao,Yes,CW,Netherlands Antillean guilder,Latin America & Caribbean,High income: nonOECD,CW,CSA,N,CURACAO,CSA,LatAm,CSA,CSA,CSA,CSA,SAM,0,0,0,0,0,0
DE,Delaware-us,No,DE,U.S. dollar,North America,High income: OECD,NULL,USA,N,N/A,N/A,N/A,N/A,N/A,N/A,N/A,NAM,0,0,0,0,0,0
PRK,Dem. People^s Rep. Korea,Yes,KP,Democratic People's Republic of Korean won,East Asia & Pacific,Low income,KP,ODA,N,KOREADPR,AsiaEm,AsiaEm,AsiaEm,Asia,AsiaEm,AsiaEm,SEA,0,0,0,0,0,0
TUN,Tunisia,Yes,TN,Tunisian dinar,Middle East & North Africa,Upper middle income,TN,AFR,N,TUNISIA,Africa,AfricaNorth,AfricaN,Africa,Africa,Africa,MAF,134.561,11.374,472.575,12.02,681.73,8.431
IO-DGA,Diego Garcia,No,IO,NULL,NULL,NULL,NULL,NULL,N,N/A,N/A,N/A,N/A,N/A,N/A,N/A,N/A,0,0,0,0,0,0
DMA,Dominica,Yes,DM,East Caribbean dollar,Latin America & Caribbean,Upper middle income,DM,CSA,N,OTHERLATIN,CSA,LatAm,CSA,CSA,CSA,CSA,SAM,0,0,0,0,0,0
EAS,East Asia & Pacific (all income levels),No,Z4,NULL,NULL,NULL,Z4,NULL,N,N/A,N/A,N/A,N/A,N/A,N/A,N/A,N/A,0,0,0,0,0,0
EAP,East Asia & Pacific (developing only),No,4E,NULL,NULL,NULL,4E,NULL,N,N/A,N/A,N/A,N/A,N/A,N/A,N/A,N/A,0,0,0,0,0,0
GB-ENG,England,No,GB,NULL,NULL,NULL,NULL,NULL,N,N/A,N/A,N/A,N/A,N/A,N/A,N/A,N/A,0,0,0,0,0,0
EMU,Euro area,No,XC,NULL,NULL,NULL,XC,NULL,N,N/A,N/A,N/A,N/A,N/A,N/A,N/A,N/A,0,0,0,0,0,0
ECS,Europe & Central Asia (all income levels),No,Z7,NULL,NULL,NULL,Z7,NULL,N,N/A,N/A,N/A,N/A,N/A,N/A,N/A,N/A,0,0,0,0,0,0
ECA,Europe & Central Asia (developing only),No,7E,NULL,NULL,NULL,7E,NULL,N,N/A,N/A,N/A,N/A,N/A,N/A,N/A,N/A,0,0,0,0,0,0
EUU,European Union,No,EU,NULL,NULL,NULL,EU,NULL,N,N/A,N/A,N/A,N/A,N/A,N/A,N/A,N/A,0,0,0,0,0,0
FLK,Falkland Islands,No,FK,NULL,NULL,NULL,NULL,CSA,N,OTHERLATIN,N/A,N/A,N/A,N/A,N/A,N/A,SAM,0,0,0,0,0,0
FRO,Faroe Islands,Yes,FO,Danish krone,Europe & Central Asia,High income: nonOECD,FO,EEU,N,N/A,EurDev,EurDev,EurDev,Europe,Europe,EurDev,REF,0,0,0,0,0,0
FL,Florida-us,No,FL,U.S. dollar,North America,High income: OECD,NULL,USA,N,N/A,N/A,N/A,N/A,N/A,N/A,N/A,NAM,0,0,0,0,0,0
GUF,French Guiana,Yes,GF,NULL,NULL,NULL,NULL,CSA,N,OTHERLATIN,CSA,LatAm,CSA,CSA,CSA,CSA,SAM,0,0,0,0,0,0
GA,Georgia-us,No,GA,U.S. dollar,North America,High income: OECD,NULL,USA,N,N/A,N/A,N/A,N/A,N/A,N/A,N/A,NAM,0,0,0,0,0,0
GIB,Gibraltar,Yes,GI,NULL,NULL,NULL,NULL,WEU,N,GIBRALTAR,EurDev,EurDev,EurDev,Europe,Europe,EurDev,EUR,0,0,0,0,0,0
GRL,Greenland,Yes,GL,Danish krone,Europe & Central Asia,High income: nonOECD,GL,WEU,N,N/A,EurDev,EurDev,EurDev,Europe,Europe,EurDev,EUR,0,0,0,0,0,0
GRD,Grenada,Yes,GD,East Caribbean dollar,Latin America & Caribbean,Upper middle income,GD,CSA,N,OTHERLATIN,CSA,LatAm,CSA,CSA,CSA,CSA,SAM,0,0,0,0,0,0
GLP,Guadeloupe,No,GP,NULL,NULL,NULL,NULL,CSA,N,OTHERLATIN,N/A,N/A,N/A,N/A,N/A,N/A,SAM,0,0,0,0,0,0
GUM,Guam,Yes,GU,U.S. dollar,East Asia & Pacific,High income: nonOECD,GU,SKO,N,N/A,AsiaEm,AsiaEm,AsiaEm,Asia,AsiaEm,AsiaEm,EAS,0,0,0,0,0,0
GGY,Guernsey,Yes,GG,NULL,NULL,NULL,NULL,NULL,N,N/A,EurDev,EurDev,EurDev,Europe,Europe,EurDev,N/A,0,0,0,0,0,0
HIC,High income,No,XD,NULL,NULL,NULL,XD,NULL,N,N/A,N/A,N/A,N/A,N/A,N/A,N/A,N/A,0,0,0,0,0,0
NOC,High income: nonOECD,No,XR,NULL,NULL,NULL,XR,NULL,N,N/A,N/A,N/A,N/A,N/A,N/A,N/A,N/A,0,0,0,0,0,0
OEC,High income: OECD,No,XS,NULL,NULL,NULL,XS,NULL,N,N/A,N/A,N/A,N/A,N/A,N/A,N/A,N/A,0,0,0,0,0,0
ID,Idaho-us,No,ID,U.S. dollar,North America,High income: OECD,NULL,USA,N,N/A,N/A,N/A,N/A,N/A,N/A,N/A,NAM,0,0,0,0,0,0
IL,Illinois-us,No,IL,U.S. dollar,North America,High income: OECD,NULL,USA,N,N/A,N/A,N/A,N/A,N/A,N/A,N/A,NAM,0,0,0,0,0,0
IN,Indiana-us,No,IN,U.S. dollar,North America,High income: OECD,NULL,USA,N,N/A,N/A,N/A,N/A,N/A,N/A,N/A,NAM,0,0,0,0,0,0
IA,Iowa-us,No,IA,U.S. dollar,North America,High income: OECD,NULL,USA,N,N/A,N/A,N/A,N/A,N/A,N/A,N/A,NAM,0,0,0,0,0,0
IMY,Isle of Man,Yes,IM,Pound sterling,Europe & Central Asia,High income: nonOECD,IM,WEU,N,N/A,EurDev,EurDev,EurDev,Europe,Europe,EurDev,EUR,0,0,0,0,0,0
KS,Kansas-us,No,KS,U.S. dollar,North America,High income: OECD,NULL,USA,N,N/A,N/A,N/A,N/A,N/A,N/A,N/A,NAM,0,0,0,0,0,0
KY,Kentucky-us,No,KY,U.S. dollar,North America,High income: OECD,NULL,USA,N,N/A,N/A,N/A,N/A,N/A,N/A,N/A,NAM,0,0,0,0,0,0
KIR,Kiribati,Yes,KI,Australian dollar,East Asia & Pacific,Lower middle income,KI,ODA,N,OTHERASIA,AsiaEm,AsiaEm,AsiaEm,Asia,AsiaEm,AsiaEm,SEA,0,0,0,0,0,0
KSV,Kosovo,Yes,NULL,Euro,Europe & Central Asia,Lower middle income,XK,EEU,N,KOSOVO,EurEm,EurEm,EurEm,Europe,Europe,EurEm,REF,0,0,0,0,0,0
LCN,Latin America & Caribbean (all income levels),No,ZJ,NULL,NULL,NULL,ZJ,NULL,N,N/A,N/A,N/A,N/A,N/A,N/A,N/A,N/A,0,0,0,0,0,0
LIE,Liechtenstein,Yes,LI,Swiss franc,Europe & Central Asia,High income: nonOECD,LI,EEU,N,N/A,EurDev,EurDev,EurDev,Europe,Europe,EurDev,REF,0,0,0,0,0,0
KI-L,Line Islands,No,LI,NULL,NULL,NULL,NULL,NULL,N,N/A,N/A,N/A,N/A,N/A,N/A,N/A,N/A,0,0,0,0,0,0
LA,Louisiana-us,No,LA,U.S. dollar,North America,High income: OECD,NULL,USA,N,N/A,N/A,N/A,N/A,N/A,N/A,N/A,NAM,0,0,0,0,0,0
ME,Maine-us,No,ME,U.S. dollar,North America,High income: OECD,NULL,USA,N,N/A,N/A,N/A,N/A,N/A,N/A,N/A,NAM,0,0,0,0,0,0
MHL,Marshall Islands,Yes,MH,U.S. dollar,East Asia & Pacific,Upper middle income,MH,ODA,N,N/A,AsiaEm,AsiaEm,AsiaEm,Asia,AsiaEm,AsiaEm,SEA,0,0,0,0,0,0
MTQ,MARTINIQUE,No,MQ,NULL,NULL,NULL,NULL,CSA,N,OTHERLATIN,N/A,N/A,N/A,N/A,N/A,N/A,SAM,0,0,0,0,0,0
MD,Maryland-us,No,MD,U.S. dollar,North America,High income: OECD,NULL,USA,N,N/A,N/A,N/A,N/A,N/A,N/A,N/A,NAM,0,0,0,0,0,0
MA,Massachusetts-us,No,MA,U.S. dollar,North America,High income: OECD,NULL,USA,N,N/A,N/A,N/A,N/A,N/A,N/A,N/A,NAM,0,0,0,0,0,0
UGA,Uganda,Yes,UG,Ugandan shilling,Sub-Saharan Africa,Low income,UG,AFR,N,OTHERAFRIC,Africa,AfricaOther,AfricaW,Africa,Africa,Africa,SSA,71.123,43.748,776.072,76.371,6947.363,98.334
MI,Michigan-us,No,MI,U.S. dollar,North America,High income: OECD,NULL,USA,N,N/A,N/A,N/A,N/A,N/A,N/A,N/A,NAM,0,0,0,0,0,0
FSM,Micronesia,No,FM,U.S. dollar,East Asia & Pacific,Lower middle income,FM,ODA,N,N/A,N/A,N/A,N/A,N/A,N/A,N/A,SEA,0,0,0,0,0,0
MEA,Middle East & North Africa (all income levels),No,ZQ,NULL,NULL,NULL,ZQ,NULL,N,N/A,N/A,N/A,N/A,N/A,N/A,N/A,N/A,0,0,0,0,0,0
MN,Minnesota-us,No,MN,U.S. dollar,North America,High income: OECD,NULL,USA,N,N/A,N/A,N/A,N/A,N/A,N/A,N/A,NAM,0,0,0,0,0,0
MS,Mississippi-us,No,MS,U.S. dollar,North America,High income: OECD,NULL,USA,N,N/A,N/A,N/A,N/A,N/A,N/A,N/A,NAM,0,0,0,0,0,0
MO,Missouri-us,No,MO,U.S. dollar,North America,High income: OECD,NULL,USA,N,N/A,N/A,N/A,N/A,N/A,N/A,N/A,NAM,0,0,0,0,0,0
MCO,Monaco,Yes,MC,Euro,Europe & Central Asia,High income: nonOECD,MC,WEU,N,N/A,EurDev,EurDev,EurDev,Europe,Europe,EurDev,EUR,0,0,0,0,0,0
MT,Montana-us,No,MT,U.S. dollar,North America,High income: OECD,NULL,USA,N,N/A,N/A,N/A,N/A,N/A,N/A,N/A,NAM,0,0,0,0,0,0
MSR,Montserrat,Yes,MS,NULL,NULL,NULL,NULL,CSA,N,OTHERLATIN,CSA,LatAm,CSA,CSA,CSA,CSA,SAM,0,0,0,0,0,0
NRU,Nauru,Yes,NR,NULL,NULL,NULL,NULL,ODA,N,N/A,AsiaEm,AsiaEm,AsiaEm,Asia,AsiaEm,AsiaEm,SEA,0,0,0,0,0,0
NE,Nebraska-us,No,NE,U.S. dollar,North America,High income: OECD,NULL,USA,N,N/A,N/A,N/A,N/A,N/A,N/A,N/A,NAM,0,0,0,0,0,0
ANT,Netherlands Antilles,Yes,NULL,NULL,NULL,NULL,NULL,CSA,N,N/A,CSA,LatAm,CSA,CSA,CSA,CSA,SAM,0,0,0,0,0,0
NV,Nevada-us,No,NV,U.S. dollar,North America,High income: OECD,NULL,USA,N,N/A,N/A,N/A,N/A,N/A,N/A,N/A,NAM,0,0,0,0,0,0
NH,New Hampshire-us,No,NH,U.S. dollar,North America,High income: OECD,NULL,USA,N,N/A,N/A,N/A,N/A,N/A,N/A,N/A,NAM,0,0,0,0,0,0
NJ,New Jersey-us,No,NJ,U.S. dollar,North America,High income: OECD,NULL,USA,N,N/A,N/A,N/A,N/A,N/A,N/A,N/A,NAM,0,0,0,0,0,0
NM,New Mexico-us,No,NM,U.S. dollar,North America,High income: OECD,NULL,USA,N,N/A,N/A,N/A,N/A,N/A,N/A,N/A,NAM,0,0,0,0,0,0
NY,New York-us,No,NY,U.S. dollar,North America,High income: OECD,NULL,USA,N,N/A,N/A,N/A,N/A,N/A,N/A,N/A,NAM,0,0,0,0,0,0
NIU,Niue,Yes,NU,NULL,NULL,NULL,NULL,ODA,N,N/A,AsiaEm,AsiaEm,AsiaEm,Asia,AsiaEm,AsiaEm,SEA,0,0,0,0,0,0
NAC,North America,No,XU,NULL,NULL,NULL,XU,NULL,N,N/A,N/A,N/A,N/A,N/A,N/A,N/A,N/A,0,0,0,0,0,0
NC,North Carolina-us,No,NC,U.S. dollar,North America,High income: OECD,NULL,USA,N,N/A,N/A,N/A,N/A,N/A,N/A,N/A,NAM,0,0,0,0,0,0
ND,North Dakota-us,No,ND,U.S. dollar,North America,High income: OECD,NULL,USA,N,N/A,N/A,N/A,N/A,N/A,N/A,N/A,NAM,0,0,0,0,0,0
GB-NIR,Northern Ireland,No,GB,NULL,NULL,NULL,NULL,WEU,N,N/A,N/A,N/A,N/A,N/A,N/A,N/A,EUR,0,0,0,0,0,0
MNP,Northern Mariana Islands,Yes,MP,U.S. dollar,East Asia & Pacific,High income: nonOECD,MP,ODA,N,N/A,AsiaEm,AsiaEm,AsiaEm,Asia,AsiaEm,AsiaEm,SEA,0,0,0,0,0,0
OED,OECD members,No,OE,NULL,NULL,NULL,OE,NULL,N,N/A,N/A,N/A,N/A,N/A,N/A,N/A,N/A,0,0,0,0,0,0
OH,Ohio-us,No,OH,U.S. dollar,North America,High income: OECD,NULL,USA,N,N/A,N/A,N/A,N/A,N/A,N/A,N/A,NAM,0,0,0,0,0,0
OK,Oklahoma-us,No,OK,U.S. dollar,North America,High income: OECD,NULL,USA,N,N/A,N/A,N/A,N/A,N/A,N/A,N/A,NAM,0,0,0,0,0,0
OR,Oregon-us,No,OR,U.S. dollar,North America,High income: OECD,NULL,USA,N,N/A,N/A,N/A,N/A,N/A,N/A,N/A,NAM,0,0,0,0,0,0
NULL,Other Africa,No,NULL,NULL,NULL,NULL,NULL,NULL,N,N/A,N/A,N/A,N/A,N/A,N/A,N/A,N/A,0,0,0,0,0,0
OSS,Other small states,No,S4,NULL,NULL,NULL,S4,NULL,N,N/A,N/A,N/A,N/A,N/A,N/A,N/A,N/A,0,0,0,0,0,0
PSS,Pacific island small states,No,S2,NULL,NULL,NULL,S2,NULL,N,N/A,N/A,N/A,N/A,N/A,N/A,N/A,N/A,0,0,0,0,0,0
PLW,Palau,Yes,PW,U.S. dollar,East Asia & Pacific,Upper middle income,PW,ODA,N,OTHERASIA,AsiaEm,AsiaEm,AsiaEm,Asia,AsiaEm,AsiaEm,SEA,0,0,0,0,0,0
PA,Pennsylvania-us,No,PA,U.S. dollar,North America,High income: OECD,NULL,USA,N,N/A,N/A,N/A,N/A,N/A,N/A,N/A,NAM,0,0,0,0,0,0
PCN,Pitcairn,Yes,PN,NULL,NULL,NULL,NULL,NULL,N,N/A,AsiaDev,AsiaDev,AsiaDev,Asia,AsiaDev,AsiaDev,N/A,0,0,0,0,0,0
REU,REUNION,No,RE,NULL,NULL,NULL,NULL,AFR,N,N/A,N/A,N/A,N/A,N/A,N/A,N/A,MAF,0,0,0,0,0,0
RI,Rhode Island-us,No,RI,U.S. dollar,North America,High income: OECD,NULL,USA,N,N/A,N/A,N/A,N/A,N/A,N/A,N/A,NAM,0,0,0,0,0,0
ROM,Romania,Yes,RO,New Romanian leu,Europe & Central Asia,Upper middle income,RO,EEU,N,ROMANIA,EU,EU28,EU,Europe,Europe,EU,REF,0,0,0,0,0,0
SMR,San Marino,Yes,SM,Euro,Europe & Central Asia,High income: nonOECD,SM,WEU,N,ITALY,EU,EU28,EU,Europe,Europe,EU,EUR,0,0,0,0,0,0
GB-SCT,Scotland,No,GB,NULL,NULL,NULL,NULL,NULL,N,N/A,N/A,N/A,N/A,N/A,N/A,N/A,N/A,0,0,0,0,0,0
ZMB,Zambia,Yes,ZM,New Zambian kwacha,Sub-Saharan Africa,Lower middle income,ZM,AFR,N,ZAMBIA,Africa,AfricaSouth,AfricaS,Africa,Africa,Africa,SSA,34.634,16.395,334.839,25.457,2261.968,29.655
SXM,Sint Maarten (Dutch part),Yes,SX,Netherlands Antillean guilder,Latin America & Caribbean,High income: nonOECD,SX,CSA,N,OTHERLATIN,CSA,LatAm,CSA,CSA,CSA,CSA,SAM,0,0,0,0,0,0
SST,Small states,No,S1,NULL,NULL,NULL,S1,NULL,N,N/A,N/A,N/A,N/A,N/A,N/A,N/A,N/A,0,0,0,0,0,0
SAS,South Asia,No,8S,NULL,NULL,NULL,8S,NULL,N,N/A,N/A,N/A,N/A,N/A,N/A,N/A,N/A,0,0,0,0,0,0
SC,South Carolina-us,No,SC,U.S. dollar,North America,High income: OECD,NULL,USA,N,N/A,N/A,N/A,N/A,N/A,N/A,N/A,NAM,0,0,0,0,0,0
SD,South Dakota-us,No,SD,U.S. dollar,North America,High income: OECD,NULL,USA,N,N/A,N/A,N/A,N/A,N/A,N/A,N/A,NAM,0,0,0,0,0,0
SGS,South Georgia and the South Sandwich Islands,Yes,GS,NULL,NULL,NULL,NULL,NULL,N,N/A,N/A,N/A,N/A,N/A,N/A,N/A,N/A,0,0,0,0,0,0
ZWE,Zimbabwe,Yes,ZW,U.S. dollar,Sub-Saharan Africa,Low income,ZW,AFR,N,ZIMBABWE,Africa,AfricaSouth,AfricaS,Africa,Africa,Africa,SSA,7.287,12.904,62.078,12.242,453.603,9.094
SH-HL,St. Helena,No,SH,NULL,NULL,NULL,NULL,AFR,N,N/A,N/A,N/A,N/A,N/A,N/A,N/A,MAF,0,0,0,0,0,0
KNA,St. Kitts and Nevis,Yes,KN,East Caribbean dollar,Latin America & Caribbean,High income: nonOECD,KN,CSA,N,OTHERLATIN,CSA,LatAm,CSA,CSA,CSA,CSA,SAM,0,0,0,0,0,0
MAF,St. Martin (French part),Yes,MF,Euro,Latin America & Caribbean,High income: nonOECD,MF,CSA,N,N/A,CSA,LatAm,CSA,CSA,CSA,CSA,SAM,0,0,0,0,0,0
SPM,St. Pierre & Miquelon,No,PM,NULL,NULL,NULL,NULL,CSA,N,OTHERLATIN,N/A,N/A,N/A,N/A,N/A,N/A,SAM,0,0,0,0,0,0
SSF,Sub-Saharan Africa (all income levels),No,ZG,NULL,NULL,NULL,ZG,NULL,N,N/A,N/A,N/A,N/A,N/A,N/A,N/A,N/A,0,0,0,0,0,0
SJM,Svalbard & Jan Mayen Islands,Yes,SJ,NULL,NULL,NULL,NULL,NULL,N,N/A,N/A,N/A,N/A,N/A,N/A,N/A,N/A,0,0,0,0,0,0
TN,Tennessee-us,No,TN,U.S. dollar,North America,High income: OECD,NULL,USA,N,N/A,N/A,N/A,N/A,N/A,N/A,N/A,NAM,0,0,0,0,0,0
TX,Texas-us,No,TX,U.S. dollar,North America,High income: OECD,NULL,USA,N,N/A,N/A,N/A,N/A,N/A,N/A,N/A,NAM,0,0,0,0,0,0
TMP,Timor-Leste,Yes,TL,U.S. dollar,East Asia & Pacific,Lower middle income,TP,ODA,N,N/A,AsiaEm,AsiaEm,AsiaEm,Asia,AsiaEm,AsiaEm,SEA,0,0,0,0,0,0
TKL,Tokelau,Yes,TK,NULL,NULL,NULL,NULL,NULL,N,N/A,AsiaEm,AsiaEm,AsiaEm,Asia,AsiaEm,AsiaEm,N/A,0,0,0,0,0,0
SH-TA,Tristan da Cunha,No,SH,NULL,NULL,NULL,NULL,NULL,N,N/A,N/A,N/A,N/A,N/A,N/A,N/A,N/A,0,0,0,0,0,0
TCA,Turks and Caicos Islands,Yes,TC,U.S. dollar,Latin America & Caribbean,High income: nonOECD,TC,CSA,N,OTHERLATIN,CSA,LatAm,CSA,CSA,CSA,CSA,SAM,0,0,0,0,0,0
TUV,Tuvalu,Yes,TV,Australian dollar,East Asia & Pacific,Upper middle income,TV,ODA,N,N/A,AsiaEm,AsiaEm,AsiaEm,Asia,AsiaEm,AsiaEm,SEA,0,0,0,0,0,0
UT,Utah-us,No,UT,U.S. dollar,North America,High income: OECD,NULL,USA,N,N/A,N/A,N/A,N/A,N/A,N/A,N/A,NAM,0,0,0,0,0,0
VAT,Vatican,Yes,VA,NULL,NULL,NULL,NULL,WEU,N,N/A,EurDev,EurDev,EurDev,Europe,Europe,EurDev,EUR,0,0,0,0,0,0
VT,Vermont-us,No,VT,U.S. dollar,North America,High income: OECD,NULL,USA,N,N/A,N/A,N/A,N/A,N/A,N/A,N/A,NAM,0,0,0,0,0,0
VIR,Virgin Islands,Yes,VI,U.S. dollar,Latin America & Caribbean,High income: nonOECD,VI,CSA,N,OTHERLATIN,CSA,LatAm,CSA,CSA,CSA,CSA,NAM,0,0,0,0,0,0
VA,Virginia-us,No,VA,U.S. dollar,North America,High income: OECD,NULL,USA,N,N/A,N/A,N/A,N/A,N/A,N/A,N/A,NAM,0,0,0,0,0,0
GB-WLS,Wales,No,GB,NULL,NULL,NULL,NULL,NULL,N,N/A,N/A,N/A,N/A,N/A,N/A,N/A,N/A,0,0,0,0,0,0
WLF,Wallis and Futuna,Yes,WF,NULL,NULL,NULL,NULL,NULL,N,N/A,AsiaEm,AsiaEm,AsiaEm,Asia,AsiaEm,AsiaEm,N/A,0,0,0,0,0,0
WA,Washington-us,No,WA,U.S. dollar,North America,High income: OECD,NULL,USA,N,N/A,N/A,N/A,N/A,N/A,N/A,N/A,NAM,0,0,0,0,0,0
WBG,West Bank and Gaza,No,PS,Israeli new shekel,Middle East & North Africa,Lower middle income,GZ,MEA,N,N/A,N/A,N/A,N/A,N/A,N/A,N/A,MAF,0,0,0,0,0,0
WV,West Virginia-us,No,WV,U.S. dollar,North America,High income: OECD,NULL,USA,N,N/A,N/A,N/A,N/A,N/A,N/A,N/A,NAM,0,0,0,0,0,0
ESH,Western Sahara,No,EH,NULL,NULL,NULL,NULL,NULL,N,N/A,N/A,N/A,N/A,N/A,N/A,N/A,N/A,0,0,0,0,0,0
WI,Wisconsin-us,No,WI,U.S. dollar,North America,High income: OECD,NULL,USA,N,N/A,N/A,N/A,N/A,N/A,N/A,N/A,NAM,0,0,0,0,0,0
WLD,World,No,1W,NULL,NULL,NULL,1W,NULL,N,N/A,N/A,N/A,N/A,N/A,N/A,N/A,N/A,0,0,0,0,0,0
WY,Wyoming-us,No,WY,U.S. dollar,North America,High income: OECD,NULL,USA,N,N/A,N/A,N/A,N/A,N/A,N/A,N/A,NAM,0,0,0,0,0,0
